Nom,Catégorie,Adresse,Téléphone,Site
Hospital de Alta Resolución de Estepona (Public),Hôpital public,"Calle Irene Villa González, 9, 29680 Estepona, Málaga",+34 951 97 66 17,
Hospital Vithas Xanit Estepona,Hôpital privé,"Av. Andalucía, 2–4, 29680 Estepona, Málaga",+34 952 80 81 00,https://vithas.es/centro/vithas-hospital-xanit-estepona/
Hospiten Estepona,Hôpital privé,"N-340, Km 1063, 29680 Estepona, Málaga",+34 952 76 06 00,https://hospiten.com/hospitales/hospiten-estepona
Centro de Salud La Lobilla,Centro de santé public,"C. Miguel de María Luque, 2, 29680 Estepona, Málaga",+34 951 27 04 00,
Centro de Salud Estepona,Centro de santé public,"Av. Juan Carlos I, 29680 Estepona, Málaga",+34 952 80 10 84,
Clínica del Río,Clinique privée,"Avda. Litoral, Edif. Playa del Ángel, Local 4, 29680 Estepona, Málaga",+34 952 80 53 29,https://www.clinicadelrio.com
Cenyt Policlínica,Clinique privée,"Av. Andalucía, 4, 29680 Estepona, Málaga",+34 952 80 81 00,https://cenythospital.com
Clínica Dental Estepona (Real),Dentiste,"C. Real, 99, 29680 Estepona, Málaga",+34 952 80 67 15,https://clinicadentalestepona.es
Clínica Dental Futuredent,Dentiste,"Av. Andalucía, Edif. El Cerrito, Local 1, 29680 Estepona, Málaga",+34 952 80 53 33,https://futuredent.es
SAGASALUD,Kinésithérapie,"Av. Andalucía, 235, 29680 Estepona, Málaga",+34 952 80 87 26,https://sagasalud.com
Centro Fisioterapia El Ángel,Kinésithérapie,"Av. Litoral, 55, Local 1, 29680 Estepona, Málaga",,https://www.elangelfisio.com
Move Studio (Fisioterapia),Kinésithérapie,"Av. Puerta del Mar, 26, 29680 Estepona, Málaga",,https://www.movestudiohealth.com
